offset_a,offset_b,blocking_s,matching_s,tp,fp,pairs_no,recall,precision,replica,seed
50,1000,5.94424860599247,114.07649651696556,2960,22128,25088,0.5535814475406771,0.11798469387755102,1,20260907
50,1000,5.924012394993042,114.03578923301393,2955,22263,25218,0.5526463437441556,0.1171782060433024,2,20260908
50,1000,5.9284599580278154,114.22895473401877,2960,21807,24767,0.5535814475406771,0.11951386926151734,3,20260909
150,3000,5.967527497006813,115.50315154399141,3030,22612,25642,0.5666729006919768,0.118165509710631,1,20260907
150,3000,5.928175157983787,114.92699751800683,3022,22733,25755,0.5651767346175426,0.11733643952630557,2,20260908
150,3000,5.930820481007686,115.01769080000668,3032,22117,25149,0.5670469422105854,0.12056145373573501,3,20260909
450,9000,5.946128862007754,118.95335941300436,3257,23661,26918,0.609126613054049,0.12099710231072144,1,20260907
450,9000,5.973403628006054,119.16258757301694,3252,24025,27277,0.6081915092575276,0.11922132199288778,2,20260908
450,9000,5.9066082870122045,119.1958537350074,3260,23182,26442,0.6096876753319619,0.12328870735950381,3,20260909
1350,27000,5.906302775001677,128.75258099500206,3886,27860,31746,0.7267626706564428,0.12240912240912241,1,20260907
1350,27000,5.914597221999429,129.03638142199634,3886,28863,32749,0.7267626706564428,0.11866011175913768,2,20260908
1350,27000,5.931653337996977,128.77961929200683,3902,27433,31335,0.7297550028053114,0.12452529120791447,3,20260909
