Dataset,Technique,Block (s),Match (s),#Pairs,TP,Recall,Precision
DBLP,Base,5.74 +/- 0.14,155.86 +/- 1.42,75527.10 +/- 1044.15,4978.20 +/- 4.73,0.931 +/- 0.001,0.066 +/- 0.001
NCVoter,Base,31.06 +/- 0.11,127.76 +/- 1.05,168228.10 +/- 1120.29,38662.00 +/- 0.00,0.945 +/- 0.000,0.230 +/- 0.002
MusicBrainz,Base,360.87 +/- 0.69,809.55 +/- 2.07,42744.20 +/- 137.63,20578.00 +/- 0.00,0.106 +/- 0.000,0.481 +/- 0.002
DBLP,Descarte por tempo,5.79 +/- 0.01,216.57 +/- 1.98,74596.40 +/- 1032.99,4972.90 +/- 4.79,0.930 +/- 0.001,0.067 +/- 0.001
NCVoter,Descarte por tempo,33.08 +/- 0.03,224.31 +/- 1.63,168033.80 +/- 1114.56,38662.00 +/- 0.00,0.945 +/- 0.000,0.230 +/- 0.002
MusicBrainz,Descarte por tempo,378.25 +/- 7.25,1636.73 +/- 69.90,42658.10 +/- 142.98,20578.00 +/- 0.00,0.106 +/- 0.000,0.482 +/- 0.002
DBLP,Descarte por bloco,5.93 +/- 0.08,136.58 +/- 1.37,20256.70 +/- 255.96,4715.30 +/- 14.61,0.882 +/- 0.003,0.233 +/- 0.003
NCVoter,Descarte por bloco,33.40 +/- 0.67,87.46 +/- 2.61,107462.30 +/- 586.45,38662.00 +/- 0.00,0.945 +/- 0.000,0.360 +/- 0.002
MusicBrainz,Descarte por bloco,362.07 +/- 1.79,521.72 +/- 4.09,29042.60 +/- 65.69,20578.00 +/- 0.00,0.106 +/- 0.000,0.709 +/- 0.002
