blocking_s,matching_s,tp,fp,pairs_no,recall,precision,replica,seed
5.76426528297452,130.5529331469952,5275,19302,24577,0.9865345053300917,0.21463156609838466,1,20260907
5.835442233001231,131.47059887601063,5272,18916,24188,0.9859734430521788,0.21795931867041507,2,20260908
5.727885819032963,131.21722678209335,5279,19471,24750,0.9872825883673088,0.21329292929292928,3,20260909
5.788116720053949,130.85176304019114,5269,19386,24655,0.985412380774266,0.21370918677752992,4,20260910
5.772611754931859,131.49692264475016,5286,19307,24593,0.9885917336824388,0.21493921034440694,5,20260911
5.831707146076951,132.01200551198417,5294,19447,24741,0.9900878997568731,0.2139767996443151,6,20260912
5.793852310205693,135.4129350660296,5282,19207,24489,0.9878436506452216,0.2156886765486545,7,20260913
5.783701030879456,130.89396185708028,5296,19631,24927,0.9904619412754816,0.2124603843222209,8,20260914
5.751496368946391,130.70608714298578,5284,19206,24490,0.9882176921638302,0.215761535320539,9,20260915
5.767215470004885,131.62239277411572,5292,19453,24745,0.9897138582382644,0.21386138613861386,10,20260916
